module_id,module_title,module_summary,module_required_hours,module_fee,module_order,minimum_hours_for_certification,minimum_clinical_hours,skill_names,section_id,section_title,section_description,resource_id,resource_title,resource_type,resource_duration,resource_description,resource_content,resource_url,resource_question_count,resource_passing_score
"cdphe-m1","Module 1: Introduction","Introduces the CNA role, certification expectations, regulations, professionalism, ethics, and confidentiality based on the CDPH 276C outline.",2,64,1,2,0,"Professionalism|Ethics|Confidentiality","cdphe-m1-a","Roles and responsibilities of a Certified Nurse Assistant (CNA)","CDPH 276C topic area for Module 1.","cdphe-m1-a-r1","Roles and responsibilities of a Certified Nurse Assistant (CNA)","text","24 min","Module 1 lesson content imported from the CDPH 276C outline.","CDPH 276C coverage item for Module 1: Roles and responsibilities of a Certified Nurse Assistant (CNA).","","",""
"cdphe-m1","Module 1: Introduction","Introduces the CNA role, certification expectations, regulations, professionalism, ethics, and confidentiality based on the CDPH 276C outline.",2,64,1,2,0,"Professionalism|Ethics|Confidentiality","cdphe-m1-b","Title 22, Division 5, California Code of Regulations, overview","CDPH 276C topic area for Module 1.","cdphe-m1-b-r1","Title 22, Division 5, California Code of Regulations, overview","text","24 min","Module 1 lesson content imported from the CDPH 276C outline.","CDPH 276C coverage item for Module 1: Title 22, Division 5, California Code of Regulations, overview.","","",""
"cdphe-m1","Module 1: Introduction","Introduces the CNA role, certification expectations, regulations, professionalism, ethics, and confidentiality based on the CDPH 276C outline.",2,64,1,2,0,"Professionalism|Ethics|Confidentiality","cdphe-m1-c","Requirements for nurse assistant certification","CDPH 276C topic area for Module 1.","cdphe-m1-c-r1","Requirements for nurse assistant certification","text","24 min","Module 1 lesson content imported from the CDPH 276C outline.","CDPH 276C coverage item for Module 1: Requirements for nurse assistant certification.","","",""
"cdphe-m1","Module 1: Introduction","Introduces the CNA role, certification expectations, regulations, professionalism, ethics, and confidentiality based on the CDPH 276C outline.",2,64,1,2,0,"Professionalism|Ethics|Confidentiality","cdphe-m1-d","Professionalism","CDPH 276C topic area for Module 1.","cdphe-m1-d-r1","Professionalism","text","24 min","Module 1 lesson content imported from the CDPH 276C outline.","CDPH 276C coverage item for Module 1: Professionalism.","","",""
"cdphe-m1","Module 1: Introduction","Introduces the CNA role, certification expectations, regulations, professionalism, ethics, and confidentiality based on the CDPH 276C outline.",2,64,1,2,0,"Professionalism|Ethics|Confidentiality","cdphe-m1-e","Ethics and confidentiality","CDPH 276C topic area for Module 1.","cdphe-m1-e-r1","Ethics and confidentiality","text","24 min","Module 1 lesson content imported from the CDPH 276C outline.","CDPH 276C coverage item for Module 1: Ethics and confidentiality.","","",""
"cdphe-m2","Module 2: Patients' Rights","Covers resident rights, relevant California and federal regulations, and required instruction on preventing, recognizing, and reporting rights violations.",3,27,2,3,0,"Resident Rights|Reporting","cdphe-m2-a","Title 22 Section 72527","CDPH 276C topic area for Module 2.","cdphe-m2-a-r1","Title 22 Section 72527","text","45 min","Module 2 lesson content imported from the CDPH 276C outline.","CDPH 276C coverage item for Module 2: Title 22 Section 72527.","","",""
"cdphe-m2","Module 2: Patients' Rights","Covers resident rights, relevant California and federal regulations, and required instruction on preventing, recognizing, and reporting rights violations.",3,27,2,3,0,"Resident Rights|Reporting","cdphe-m2-b","Health and Safety Code Sections 1599.1, 1599.2, 1599.3","CDPH 276C topic area for Module 2.","cdphe-m2-b-r1","Health and Safety Code Sections 1599.1, 1599.2, 1599.3","text","45 min","Module 2 lesson content imported from the CDPH 276C outline.","CDPH 276C coverage item for Module 2: Health and Safety Code Sections 1599.1, 1599.2, 1599.3.","","",""
"cdphe-m2","Module 2: Patients' Rights","Covers resident rights, relevant California and federal regulations, and required instruction on preventing, recognizing, and reporting rights violations.",3,27,2,3,0,"Resident Rights|Reporting","cdphe-m2-c","Code of Federal Regulations Part 483 Sections 483.10, 483.12, 483.13, and 483.15","CDPH 276C topic area for Module 2.","cdphe-m2-c-r1","Code of Federal Regulations Part 483 Sections 483.10, 483.12, 483.13, and 483.15","text","45 min","Module 2 lesson content imported from the CDPH 276C outline.","CDPH 276C coverage item for Module 2: Code of Federal Regulations Part 483 Sections 483.10, 483.12, 483.13, and 483.15.","","",""
"cdphe-m2","Module 2: Patients' Rights","Covers resident rights, relevant California and federal regulations, and required instruction on preventing, recognizing, and reporting rights violations.",3,27,2,3,0,"Resident Rights|Reporting","cdphe-m2-d","Preventing, recognizing, and reporting residents' right violations","CDPH 276C topic area for Module 2.","cdphe-m2-d-r1","Preventing, recognizing, and reporting residents' right violations","text","45 min","Module 2 lesson content imported from the CDPH 276C outline.","CDPH 276C coverage item for Module 2: Preventing, recognizing, and reporting residents' right violations.","","",""
"cdphe-m3","Module 3: Interpersonal Skills","Builds core communication and relationship skills needed for patient, family, and team interactions.",2,91,3,2,0,"Communication|Family Interaction","cdphe-m3-a","Communications","CDPH 276C topic area for Module 3.","cdphe-m3-a-r1","Communications","text","24 min","Module 3 lesson content imported from the CDPH 276C outline.","CDPH 276C coverage item for Module 3: Communications.","","",""
"cdphe-m3","Module 3: Interpersonal Skills","Builds core communication and relationship skills needed for patient, family, and team interactions.",2,91,3,2,0,"Communication|Family Interaction","cdphe-m3-b","Defense mechanisms","CDPH 276C topic area for Module 3.","cdphe-m3-b-r1","Defense mechanisms","text","24 min","Module 3 lesson content imported from the CDPH 276C outline.","CDPH 276C coverage item for Module 3: Defense mechanisms.","","",""
"cdphe-m3","Module 3: Interpersonal Skills","Builds core communication and relationship skills needed for patient, family, and team interactions.",2,91,3,2,0,"Communication|Family Interaction","cdphe-m3-c","Sociocultural factors","CDPH 276C topic area for Module 3.","cdphe-m3-c-r1","Sociocultural factors","text","24 min","Module 3 lesson content imported from the CDPH 276C outline.","CDPH 276C coverage item for Module 3: Sociocultural factors.","","",""
"cdphe-m3","Module 3: Interpersonal Skills","Builds core communication and relationship skills needed for patient, family, and team interactions.",2,91,3,2,0,"Communication|Family Interaction","cdphe-m3-d","Attitudes toward illness and health care","CDPH 276C topic area for Module 3.","cdphe-m3-d-r1","Attitudes toward illness and health care","text","24 min","Module 3 lesson content imported from the CDPH 276C outline.","CDPH 276C coverage item for Module 3: Attitudes toward illness and health care.","","",""
"cdphe-m3","Module 3: Interpersonal Skills","Builds core communication and relationship skills needed for patient, family, and team interactions.",2,91,3,2,0,"Communication|Family Interaction","cdphe-m3-e","Family interaction","CDPH 276C topic area for Module 3.","cdphe-m3-e-r1","Family interaction","text","24 min","Module 3 lesson content imported from the CDPH 276C outline.","CDPH 276C coverage item for Module 3: Family interaction.","","",""
"cdphe-m4","Module 4: Prevention and Management of Catastrophe and Unusual Occurrences","Covers emergencies, safety, fire and disaster plans, CNA response roles, and patient safety expectations.",1,18,4,1,0,"Safety|Emergency Response","cdphe-m4-a","Emergency","CDPH 276C topic area for Module 4.","cdphe-m4-a-r1","Emergency","text","12 min","Module 4 lesson content imported from the CDPH 276C outline.","CDPH 276C coverage item for Module 4: Emergency.","","",""
"cdphe-m4","Module 4: Prevention and Management of Catastrophe and Unusual Occurrences","Covers emergencies, safety, fire and disaster plans, CNA response roles, and patient safety expectations.",1,18,4,1,0,"Safety|Emergency Response","cdphe-m4-b","General safety rules","CDPH 276C topic area for Module 4.","cdphe-m4-b-r1","General safety rules","text","12 min","Module 4 lesson content imported from the CDPH 276C outline.","CDPH 276C coverage item for Module 4: General safety rules.","","",""
"cdphe-m4","Module 4: Prevention and Management of Catastrophe and Unusual Occurrences","Covers emergencies, safety, fire and disaster plans, CNA response roles, and patient safety expectations.",1,18,4,1,0,"Safety|Emergency Response","cdphe-m4-c","Fire and disaster plans","CDPH 276C topic area for Module 4.","cdphe-m4-c-r1","Fire and disaster plans","text","12 min","Module 4 lesson content imported from the CDPH 276C outline.","CDPH 276C coverage item for Module 4: Fire and disaster plans.","","",""
"cdphe-m4","Module 4: Prevention and Management of Catastrophe and Unusual Occurrences","Covers emergencies, safety, fire and disaster plans, CNA response roles, and patient safety expectations.",1,18,4,1,0,"Safety|Emergency Response","cdphe-m4-d","Roles and procedures for Certified Nurse Assistants (CNA)","CDPH 276C topic area for Module 4.","cdphe-m4-d-r1","Roles and procedures for Certified Nurse Assistants (CNA)","text","12 min","Module 4 lesson content imported from the CDPH 276C outline.","CDPH 276C coverage item for Module 4: Roles and procedures for Certified Nurse Assistants (CNA).","","",""
"cdphe-m4","Module 4: Prevention and Management of Catastrophe and Unusual Occurrences","Covers emergencies, safety, fire and disaster plans, CNA response roles, and patient safety expectations.",1,18,4,1,0,"Safety|Emergency Response","cdphe-m4-e","Patient Safety","CDPH 276C topic area for Module 4.","cdphe-m4-e-r1","Patient Safety","text","12 min","Module 4 lesson content imported from the CDPH 276C outline.","CDPH 276C coverage item for Module 4: Patient Safety.","","",""
"cdphe-m5","Module 5: Body Mechanics","Introduces safe body mechanics, transfers, ambulation, positioning, and movement techniques.",2,73,5,2,0,"Transfers|Ambulation|Positioning","cdphe-m5-a","Basic rules of body mechanics","CDPH 276C topic area for Module 5.","cdphe-m5-a-r1","Basic rules of body mechanics","text","30 min","Module 5 lesson content imported from the CDPH 276C outline.","CDPH 276C coverage item for Module 5: Basic rules of body mechanics.","","",""
"cdphe-m5","Module 5: Body Mechanics","Introduces safe body mechanics, transfers, ambulation, positioning, and movement techniques.",2,73,5,2,0,"Transfers|Ambulation|Positioning","cdphe-m5-b","Transfer techniques","CDPH 276C topic area for Module 5.","cdphe-m5-b-r1","Transfer techniques","text","30 min","Module 5 lesson content imported from the CDPH 276C outline.","CDPH 276C coverage item for Module 5: Transfer techniques.","","",""
"cdphe-m5","Module 5: Body Mechanics","Introduces safe body mechanics, transfers, ambulation, positioning, and movement techniques.",2,73,5,2,0,"Transfers|Ambulation|Positioning","cdphe-m5-c","Ambulation","CDPH 276C topic area for Module 5.","cdphe-m5-c-r1","Ambulation","text","30 min","Module 5 lesson content imported from the CDPH 276C outline.","CDPH 276C coverage item for Module 5: Ambulation.","","",""
"cdphe-m5","Module 5: Body Mechanics","Introduces safe body mechanics, transfers, ambulation, positioning, and movement techniques.",2,73,5,2,0,"Transfers|Ambulation|Positioning","cdphe-m5-d","Proper use of body mechanics and positioning techniques","CDPH 276C topic area for Module 5.","cdphe-m5-d-r1","Proper use of body mechanics and positioning techniques","text","30 min","Module 5 lesson content imported from the CDPH 276C outline.","CDPH 276C coverage item for Module 5: Proper use of body mechanics and positioning techniques.","","",""
"cdphe-m6","Module 6: Medical and Surgical Asepsis","Covers microorganisms, universal precautions, and the core principles of aseptic practice.",2,44,6,2,0,"Asepsis|Standard Precautions","cdphe-m6-a","Micro-organisms","CDPH 276C topic area for Module 6.","cdphe-m6-a-r1","Micro-organisms","text","40 min","Module 6 lesson content imported from the CDPH 276C outline.","CDPH 276C coverage item for Module 6: Micro-organisms.","","",""
"cdphe-m6","Module 6: Medical and Surgical Asepsis","Covers microorganisms, universal precautions, and the core principles of aseptic practice.",2,44,6,2,0,"Asepsis|Standard Precautions","cdphe-m6-b","Universal precautions (Standard Precautions)","CDPH 276C topic area for Module 6.","cdphe-m6-b-r1","Universal precautions (Standard Precautions)","text","40 min","Module 6 lesson content imported from the CDPH 276C outline.","CDPH 276C coverage item for Module 6: Universal precautions (Standard Precautions).","","",""
"cdphe-m6","Module 6: Medical and Surgical Asepsis","Covers microorganisms, universal precautions, and the core principles of aseptic practice.",2,44,6,2,0,"Asepsis|Standard Precautions","cdphe-m6-c","Basic principles of asepsis","CDPH 276C topic area for Module 6.","cdphe-m6-c-r1","Basic principles of asepsis","text","40 min","Module 6 lesson content imported from the CDPH 276C outline.","CDPH 276C coverage item for Module 6: Basic principles of asepsis.","","",""
"cdphe-m7","Module 7: Weights and Measures","Builds accuracy with metric measurements, volume, weight, length, and 24-hour time.",1,12,7,1,0,"Metric System|Military Time","cdphe-m7-a","The metric system","CDPH 276C topic area for Module 7.","cdphe-m7-a-r1","The metric system","text","20 min","Module 7 lesson content imported from the CDPH 276C outline.","CDPH 276C coverage item for Module 7: The metric system.","","",""
"cdphe-m7","Module 7: Weights and Measures","Builds accuracy with metric measurements, volume, weight, length, and 24-hour time.",1,12,7,1,0,"Metric System|Military Time","cdphe-m7-b","Weight, length, and liquid volume","CDPH 276C topic area for Module 7.","cdphe-m7-b-r1","Weight, length, and liquid volume","text","20 min","Module 7 lesson content imported from the CDPH 276C outline.","CDPH 276C coverage item for Module 7: Weight, length, and liquid volume.","","",""
"cdphe-m7","Module 7: Weights and Measures","Builds accuracy with metric measurements, volume, weight, length, and 24-hour time.",1,12,7,1,0,"Metric System|Military Time","cdphe-m7-c","Military time, i.e. a 24-hour clock","CDPH 276C topic area for Module 7.","cdphe-m7-c-r1","Military time, i.e. a 24-hour clock","text","20 min","Module 7 lesson content imported from the CDPH 276C outline.","CDPH 276C coverage item for Module 7: Military time, i.e. a 24-hour clock.","","",""
"cdphe-m8","Module 8: Patient Care Skill","Covers foundational patient care skills including bathing, dressing, oral hygiene, grooming, prosthetics, skin care, elimination, retraining, and weighing and measuring.",14,98,8,14,0,"Bathing|Oral Hygiene|Skin Care|Elimination","cdphe-m8-a","Bathing and medicinal baths","CDPH 276C topic area for Module 8.","cdphe-m8-a-r1","Bathing and medicinal baths","text","90 min","Module 8 lesson content imported from the CDPH 276C outline.","CDPH 276C coverage item for Module 8: Bathing and medicinal baths.","","",""
"cdphe-m8","Module 8: Patient Care Skill","Covers foundational patient care skills including bathing, dressing, oral hygiene, grooming, prosthetics, skin care, elimination, retraining, and weighing and measuring.",14,98,8,14,0,"Bathing|Oral Hygiene|Skin Care|Elimination","cdphe-m8-b","Dressing","CDPH 276C topic area for Module 8.","cdphe-m8-b-r1","Dressing","text","90 min","Module 8 lesson content imported from the CDPH 276C outline.","CDPH 276C coverage item for Module 8: Dressing.","","",""
"cdphe-m8","Module 8: Patient Care Skill","Covers foundational patient care skills including bathing, dressing, oral hygiene, grooming, prosthetics, skin care, elimination, retraining, and weighing and measuring.",14,98,8,14,0,"Bathing|Oral Hygiene|Skin Care|Elimination","cdphe-m8-c","Oral hygiene","CDPH 276C topic area for Module 8.","cdphe-m8-c-r1","Oral hygiene","text","90 min","Module 8 lesson content imported from the CDPH 276C outline.","CDPH 276C coverage item for Module 8: Oral hygiene.","","",""
"cdphe-m8","Module 8: Patient Care Skill","Covers foundational patient care skills including bathing, dressing, oral hygiene, grooming, prosthetics, skin care, elimination, retraining, and weighing and measuring.",14,98,8,14,0,"Bathing|Oral Hygiene|Skin Care|Elimination","cdphe-m8-d","Hair care, hair shampoo, medicinal shampoo, nail care, and shaving","CDPH 276C topic area for Module 8.","cdphe-m8-d-r1","Hair care, hair shampoo, medicinal shampoo, nail care, and shaving","text","90 min","Module 8 lesson content imported from the CDPH 276C outline.","CDPH 276C coverage item for Module 8: Hair care, hair shampoo, medicinal shampoo, nail care, and shaving.","","",""
"cdphe-m8","Module 8: Patient Care Skill","Covers foundational patient care skills including bathing, dressing, oral hygiene, grooming, prosthetics, skin care, elimination, retraining, and weighing and measuring.",14,98,8,14,0,"Bathing|Oral Hygiene|Skin Care|Elimination","cdphe-m8-e","Prosthetic devices","CDPH 276C topic area for Module 8.","cdphe-m8-e-r1","Prosthetic devices","text","90 min","Module 8 lesson content imported from the CDPH 276C outline.","CDPH 276C coverage item for Module 8: Prosthetic devices.","","",""
"cdphe-m8","Module 8: Patient Care Skill","Covers foundational patient care skills including bathing, dressing, oral hygiene, grooming, prosthetics, skin care, elimination, retraining, and weighing and measuring.",14,98,8,14,0,"Bathing|Oral Hygiene|Skin Care|Elimination","cdphe-m8-f","Skin care including prevention of decubitus ulcers","CDPH 276C topic area for Module 8.","cdphe-m8-f-r1","Skin care including prevention of decubitus ulcers","text","90 min","Module 8 lesson content imported from the CDPH 276C outline.","CDPH 276C coverage item for Module 8: Skin care including prevention of decubitus ulcers.","","",""
"cdphe-m8","Module 8: Patient Care Skill","Covers foundational patient care skills including bathing, dressing, oral hygiene, grooming, prosthetics, skin care, elimination, retraining, and weighing and measuring.",14,98,8,14,0,"Bathing|Oral Hygiene|Skin Care|Elimination","cdphe-m8-g","Elimination needs","CDPH 276C topic area for Module 8.","cdphe-m8-g-r1","Elimination needs","text","90 min","Module 8 lesson content imported from the CDPH 276C outline.","CDPH 276C coverage item for Module 8: Elimination needs.","","",""
"cdphe-m8","Module 8: Patient Care Skill","Covers foundational patient care skills including bathing, dressing, oral hygiene, grooming, prosthetics, skin care, elimination, retraining, and weighing and measuring.",14,98,8,14,0,"Bathing|Oral Hygiene|Skin Care|Elimination","cdphe-m8-h","Bowel and bladder retraining","CDPH 276C topic area for Module 8.","cdphe-m8-h-r1","Bowel and bladder retraining","text","90 min","Module 8 lesson content imported from the CDPH 276C outline.","CDPH 276C coverage item for Module 8: Bowel and bladder retraining.","","",""
"cdphe-m8","Module 8: Patient Care Skill","Covers foundational patient care skills including bathing, dressing, oral hygiene, grooming, prosthetics, skin care, elimination, retraining, and weighing and measuring.",14,98,8,14,0,"Bathing|Oral Hygiene|Skin Care|Elimination","cdphe-m8-i","Weighing and measuring the patient","CDPH 276C topic area for Module 8.","cdphe-m8-i-r1","Weighing and measuring the patient","text","90 min","Module 8 lesson content imported from the CDPH 276C outline.","CDPH 276C coverage item for Module 8: Weighing and measuring the patient.","","",""
"cdphe-m9","Module 9: Patient Care Procedures","Covers specimen collection, tubing-related care, intake and output, bedmaking, enemas, admissions and transfers, and nonsterile dressings.",7,56,9,7,0,"Specimens|Bedmaking|Intake and Output","cdphe-m9-a","Collection of specimens, including stool, urine, and sputum","CDPH 276C topic area for Module 9.","cdphe-m9-a-r1","Collection of specimens, including stool, urine, and sputum","text","60 min","Module 9 lesson content imported from the CDPH 276C outline.","CDPH 276C coverage item for Module 9: Collection of specimens, including stool, urine, and sputum.","","",""
"cdphe-m9","Module 9: Patient Care Procedures","Covers specimen collection, tubing-related care, intake and output, bedmaking, enemas, admissions and transfers, and nonsterile dressings.",7,56,9,7,0,"Specimens|Bedmaking|Intake and Output","cdphe-m9-b","Care of patients with tubing (urinary, gastric, oxygen, IV). Not inserting/suctioning.","CDPH 276C topic area for Module 9.","cdphe-m9-b-r1","Care of patients with tubing (urinary, gastric, oxygen, IV). Not inserting/suctioning.","text","60 min","Module 9 lesson content imported from the CDPH 276C outline.","CDPH 276C coverage item for Module 9: Care of patients with tubing (urinary, gastric, oxygen, IV). Not inserting/suctioning.","","",""
"cdphe-m9","Module 9: Patient Care Procedures","Covers specimen collection, tubing-related care, intake and output, bedmaking, enemas, admissions and transfers, and nonsterile dressings.",7,56,9,7,0,"Specimens|Bedmaking|Intake and Output","cdphe-m9-c","Intake and Output","CDPH 276C topic area for Module 9.","cdphe-m9-c-r1","Intake and Output","text","60 min","Module 9 lesson content imported from the CDPH 276C outline.","CDPH 276C coverage item for Module 9: Intake and Output.","","",""
"cdphe-m9","Module 9: Patient Care Procedures","Covers specimen collection, tubing-related care, intake and output, bedmaking, enemas, admissions and transfers, and nonsterile dressings.",7,56,9,7,0,"Specimens|Bedmaking|Intake and Output","cdphe-m9-d","Bedmaking","CDPH 276C topic area for Module 9.","cdphe-m9-d-r1","Bedmaking","text","60 min","Module 9 lesson content imported from the CDPH 276C outline.","CDPH 276C coverage item for Module 9: Bedmaking.","","",""
"cdphe-m9","Module 9: Patient Care Procedures","Covers specimen collection, tubing-related care, intake and output, bedmaking, enemas, admissions and transfers, and nonsterile dressings.",7,56,9,7,0,"Specimens|Bedmaking|Intake and Output","cdphe-m9-e","Cleansing enemas and laxative suppositories","CDPH 276C topic area for Module 9.","cdphe-m9-e-r1","Cleansing enemas and laxative suppositories","text","60 min","Module 9 lesson content imported from the CDPH 276C outline.","CDPH 276C coverage item for Module 9: Cleansing enemas and laxative suppositories.","","",""
"cdphe-m9","Module 9: Patient Care Procedures","Covers specimen collection, tubing-related care, intake and output, bedmaking, enemas, admissions and transfers, and nonsterile dressings.",7,56,9,7,0,"Specimens|Bedmaking|Intake and Output","cdphe-m9-f","Admission, transfer and discharge","CDPH 276C topic area for Module 9.","cdphe-m9-f-r1","Admission, transfer and discharge","text","60 min","Module 9 lesson content imported from the CDPH 276C outline.","CDPH 276C coverage item for Module 9: Admission, transfer and discharge.","","",""
"cdphe-m9","Module 9: Patient Care Procedures","Covers specimen collection, tubing-related care, intake and output, bedmaking, enemas, admissions and transfers, and nonsterile dressings.",7,56,9,7,0,"Specimens|Bedmaking|Intake and Output","cdphe-m9-g","Bandages and nonsterile dry dressings","CDPH 276C topic area for Module 9.","cdphe-m9-g-r1","Bandages and nonsterile dry dressings","text","60 min","Module 9 lesson content imported from the CDPH 276C outline.","CDPH 276C coverage item for Module 9: Bandages and nonsterile dry dressings.","","",""
"cdphe-m10","Module 10: Vital Signs","Covers vital sign purpose, factors, ranges, measurement methods, abnormalities, and recording.",3,35,10,3,0,"Vital Signs|Blood Pressure","cdphe-m10-a","Purpose of vital signs","CDPH 276C topic area for Module 10.","cdphe-m10-a-r1","Purpose of vital signs","text","23 min","Module 10 lesson content imported from the CDPH 276C outline.","CDPH 276C coverage item for Module 10: Purpose of vital signs.","","",""
"cdphe-m10","Module 10: Vital Signs","Covers vital sign purpose, factors, ranges, measurement methods, abnormalities, and recording.",3,35,10,3,0,"Vital Signs|Blood Pressure","cdphe-m10-b","Factors affecting vital signs","CDPH 276C topic area for Module 10.","cdphe-m10-b-r1","Factors affecting vital signs","text","23 min","Module 10 lesson content imported from the CDPH 276C outline.","CDPH 276C coverage item for Module 10: Factors affecting vital signs.","","",""
"cdphe-m10","Module 10: Vital Signs","Covers vital sign purpose, factors, ranges, measurement methods, abnormalities, and recording.",3,35,10,3,0,"Vital Signs|Blood Pressure","cdphe-m10-c","Normal ranges","CDPH 276C topic area for Module 10.","cdphe-m10-c-r1","Normal ranges","text","23 min","Module 10 lesson content imported from the CDPH 276C outline.","CDPH 276C coverage item for Module 10: Normal ranges.","","",""
"cdphe-m10","Module 10: Vital Signs","Covers vital sign purpose, factors, ranges, measurement methods, abnormalities, and recording.",3,35,10,3,0,"Vital Signs|Blood Pressure","cdphe-m10-d","Methods of measurement","CDPH 276C topic area for Module 10.","cdphe-m10-d-r1","Methods of measurement","text","23 min","Module 10 lesson content imported from the CDPH 276C outline.","CDPH 276C coverage item for Module 10: Methods of measurement.","","",""
"cdphe-m10","Module 10: Vital Signs","Covers vital sign purpose, factors, ranges, measurement methods, abnormalities, and recording.",3,35,10,3,0,"Vital Signs|Blood Pressure","cdphe-m10-e","Temperature, pulse, respiration","CDPH 276C topic area for Module 10.","cdphe-m10-e-r1","Temperature, pulse, respiration","text","23 min","Module 10 lesson content imported from the CDPH 276C outline.","CDPH 276C coverage item for Module 10: Temperature, pulse, respiration.","","",""
"cdphe-m10","Module 10: Vital Signs","Covers vital sign purpose, factors, ranges, measurement methods, abnormalities, and recording.",3,35,10,3,0,"Vital Signs|Blood Pressure","cdphe-m10-f","Blood pressure","CDPH 276C topic area for Module 10.","cdphe-m10-f-r1","Blood pressure","text","23 min","Module 10 lesson content imported from the CDPH 276C outline.","CDPH 276C coverage item for Module 10: Blood pressure.","","",""
"cdphe-m10","Module 10: Vital Signs","Covers vital sign purpose, factors, ranges, measurement methods, abnormalities, and recording.",3,35,10,3,0,"Vital Signs|Blood Pressure","cdphe-m10-g","Abnormalities","CDPH 276C topic area for Module 10.","cdphe-m10-g-r1","Abnormalities","text","23 min","Module 10 lesson content imported from the CDPH 276C outline.","CDPH 276C coverage item for Module 10: Abnormalities.","","",""
"cdphe-m10","Module 10: Vital Signs","Covers vital sign purpose, factors, ranges, measurement methods, abnormalities, and recording.",3,35,10,3,0,"Vital Signs|Blood Pressure","cdphe-m10-h","Recording","CDPH 276C topic area for Module 10.","cdphe-m10-h-r1","Recording","text","23 min","Module 10 lesson content imported from the CDPH 276C outline.","CDPH 276C coverage item for Module 10: Recording.","","",""
"cdphe-m11","Module 11: Nutrition","Covers proper nutrition, feeding techniques, and diet therapy.",2,22,11,2,0,"Nutrition|Feeding","cdphe-m11-a","Proper nutrition","CDPH 276C topic area for Module 11.","cdphe-m11-a-r1","Proper nutrition","text","40 min","Module 11 lesson content imported from the CDPH 276C outline.","CDPH 276C coverage item for Module 11: Proper nutrition.","","",""
"cdphe-m11","Module 11: Nutrition","Covers proper nutrition, feeding techniques, and diet therapy.",2,22,11,2,0,"Nutrition|Feeding","cdphe-m11-b","Feeding techniques","CDPH 276C topic area for Module 11.","cdphe-m11-b-r1","Feeding techniques","text","40 min","Module 11 lesson content imported from the CDPH 276C outline.","CDPH 276C coverage item for Module 11: Feeding techniques.","","",""
"cdphe-m11","Module 11: Nutrition","Covers proper nutrition, feeding techniques, and diet therapy.",2,22,11,2,0,"Nutrition|Feeding","cdphe-m11-c","Diet therapy","CDPH 276C topic area for Module 11.","cdphe-m11-c-r1","Diet therapy","text","40 min","Module 11 lesson content imported from the CDPH 276C outline.","CDPH 276C coverage item for Module 11: Diet therapy.","","",""
"cdphe-m12","Module 12: Emergency Procedures","Covers signs of distress, immediate interventions, and emergency code response.",2,80,12,2,0,"Emergency Codes|Immediate Intervention","cdphe-m12-a","Signs and symptoms of distress","CDPH 276C topic area for Module 12.","cdphe-m12-a-r1","Signs and symptoms of distress","text","40 min","Module 12 lesson content imported from the CDPH 276C outline.","CDPH 276C coverage item for Module 12: Signs and symptoms of distress.","","",""
"cdphe-m12","Module 12: Emergency Procedures","Covers signs of distress, immediate interventions, and emergency code response.",2,80,12,2,0,"Emergency Codes|Immediate Intervention","cdphe-m12-b","Immediate and temporary intervention","CDPH 276C topic area for Module 12.","cdphe-m12-b-r1","Immediate and temporary intervention","text","40 min","Module 12 lesson content imported from the CDPH 276C outline.","CDPH 276C coverage item for Module 12: Immediate and temporary intervention.","","",""
"cdphe-m12","Module 12: Emergency Procedures","Covers signs of distress, immediate interventions, and emergency code response.",2,80,12,2,0,"Emergency Codes|Immediate Intervention","cdphe-m12-c","Emergency codes","CDPH 276C topic area for Module 12.","cdphe-m12-c-r1","Emergency codes","text","40 min","Module 12 lesson content imported from the CDPH 276C outline.","CDPH 276C coverage item for Module 12: Emergency codes.","","",""
"cdphe-m13","Module 13: Long-Term Care Patient","Covers special needs, dementia, anatomy and physiology, physical and behavioral changes, community resources, psychosocial needs, and common disorders.",5,67,13,5,0,"Dementia Care|Community Resources|Anatomy","cdphe-m13-a1","Special needs of persons with developmental/mental disorders","CDPH 276C topic area for Module 13.","cdphe-m13-a1-r1","Special needs of persons with developmental/mental disorders","text","43 min","Module 13 lesson content imported from the CDPH 276C outline.","CDPH 276C coverage item for Module 13: Special needs of persons with developmental/mental disorders.","","",""
"cdphe-m13","Module 13: Long-Term Care Patient","Covers special needs, dementia, anatomy and physiology, physical and behavioral changes, community resources, psychosocial needs, and common disorders.",5,67,13,5,0,"Dementia Care|Community Resources|Anatomy","cdphe-m13-a2","Special needs of persons with Alzheimer's disease and related dementias","CDPH 276C topic area for Module 13.","cdphe-m13-a2-r1","Special needs of persons with Alzheimer's disease and related dementias","text","43 min","Module 13 lesson content imported from the CDPH 276C outline.","CDPH 276C coverage item for Module 13: Special needs of persons with Alzheimer's disease and related dementias.","","",""
"cdphe-m13","Module 13: Long-Term Care Patient","Covers special needs, dementia, anatomy and physiology, physical and behavioral changes, community resources, psychosocial needs, and common disorders.",5,67,13,5,0,"Dementia Care|Community Resources|Anatomy","cdphe-m13-b","Introduction to anatomy and physiology","CDPH 276C topic area for Module 13.","cdphe-m13-b-r1","Introduction to anatomy and physiology","text","43 min","Module 13 lesson content imported from the CDPH 276C outline.","CDPH 276C coverage item for Module 13: Introduction to anatomy and physiology.","","",""
"cdphe-m13","Module 13: Long-Term Care Patient","Covers special needs, dementia, anatomy and physiology, physical and behavioral changes, community resources, psychosocial needs, and common disorders.",5,67,13,5,0,"Dementia Care|Community Resources|Anatomy","cdphe-m13-c","Physical and behavioral needs and changes","CDPH 276C topic area for Module 13.","cdphe-m13-c-r1","Physical and behavioral needs and changes","text","43 min","Module 13 lesson content imported from the CDPH 276C outline.","CDPH 276C coverage item for Module 13: Physical and behavioral needs and changes.","","",""
"cdphe-m13","Module 13: Long-Term Care Patient","Covers special needs, dementia, anatomy and physiology, physical and behavioral changes, community resources, psychosocial needs, and common disorders.",5,67,13,5,0,"Dementia Care|Community Resources|Anatomy","cdphe-m13-d","Community resources available","CDPH 276C topic area for Module 13.","cdphe-m13-d-r1","Community resources available","text","43 min","Module 13 lesson content imported from the CDPH 276C outline.","CDPH 276C coverage item for Module 13: Community resources available.","","",""
"cdphe-m13","Module 13: Long-Term Care Patient","Covers special needs, dementia, anatomy and physiology, physical and behavioral changes, community resources, psychosocial needs, and common disorders.",5,67,13,5,0,"Dementia Care|Community Resources|Anatomy","cdphe-m13-e","Psychological, social, and recreational needs","CDPH 276C topic area for Module 13.","cdphe-m13-e-r1","Psychological, social, and recreational needs","text","43 min","Module 13 lesson content imported from the CDPH 276C outline.","CDPH 276C coverage item for Module 13: Psychological, social, and recreational needs.","","",""
"cdphe-m13","Module 13: Long-Term Care Patient","Covers special needs, dementia, anatomy and physiology, physical and behavioral changes, community resources, psychosocial needs, and common disorders.",5,67,13,5,0,"Dementia Care|Community Resources|Anatomy","cdphe-m13-f","Common diseases and disorders including signs and symptoms","CDPH 276C topic area for Module 13.","cdphe-m13-f-r1","Common diseases and disorders including signs and symptoms","text","43 min","Module 13 lesson content imported from the CDPH 276C outline.","CDPH 276C coverage item for Module 13: Common diseases and disorders including signs and symptoms.","","",""
"cdphe-m14","Module 14: Rehabilitative Nursing","Covers promoting independence, devices and equipment, ADLs, family interaction, complications of inactivity, ambulation, and range of motion.",2,49,14,2,0,"Rehabilitation|Range of Motion|ADLs","cdphe-m14-a","Promoting patients' potential","CDPH 276C topic area for Module 14.","cdphe-m14-a-r1","Promoting patients' potential","text","17 min","Module 14 lesson content imported from the CDPH 276C outline.","CDPH 276C coverage item for Module 14: Promoting patients' potential.","","",""
"cdphe-m14","Module 14: Rehabilitative Nursing","Covers promoting independence, devices and equipment, ADLs, family interaction, complications of inactivity, ambulation, and range of motion.",2,49,14,2,0,"Rehabilitation|Range of Motion|ADLs","cdphe-m14-b","Devices and equipment","CDPH 276C topic area for Module 14.","cdphe-m14-b-r1","Devices and equipment","text","17 min","Module 14 lesson content imported from the CDPH 276C outline.","CDPH 276C coverage item for Module 14: Devices and equipment.","","",""
"cdphe-m14","Module 14: Rehabilitative Nursing","Covers promoting independence, devices and equipment, ADLs, family interaction, complications of inactivity, ambulation, and range of motion.",2,49,14,2,0,"Rehabilitation|Range of Motion|ADLs","cdphe-m14-c","Activities of daily living","CDPH 276C topic area for Module 14.","cdphe-m14-c-r1","Activities of daily living","text","17 min","Module 14 lesson content imported from the CDPH 276C outline.","CDPH 276C coverage item for Module 14: Activities of daily living.","","",""
"cdphe-m14","Module 14: Rehabilitative Nursing","Covers promoting independence, devices and equipment, ADLs, family interaction, complications of inactivity, ambulation, and range of motion.",2,49,14,2,0,"Rehabilitation|Range of Motion|ADLs","cdphe-m14-d","Family interactions","CDPH 276C topic area for Module 14.","cdphe-m14-d-r1","Family interactions","text","17 min","Module 14 lesson content imported from the CDPH 276C outline.","CDPH 276C coverage item for Module 14: Family interactions.","","",""
"cdphe-m14","Module 14: Rehabilitative Nursing","Covers promoting independence, devices and equipment, ADLs, family interaction, complications of inactivity, ambulation, and range of motion.",2,49,14,2,0,"Rehabilitation|Range of Motion|ADLs","cdphe-m14-e","Complication of inactivity","CDPH 276C topic area for Module 14.","cdphe-m14-e-r1","Complication of inactivity","text","17 min","Module 14 lesson content imported from the CDPH 276C outline.","CDPH 276C coverage item for Module 14: Complication of inactivity.","","",""
"cdphe-m14","Module 14: Rehabilitative Nursing","Covers promoting independence, devices and equipment, ADLs, family interaction, complications of inactivity, ambulation, and range of motion.",2,49,14,2,0,"Rehabilitation|Range of Motion|ADLs","cdphe-m14-f","Ambulation","CDPH 276C topic area for Module 14.","cdphe-m14-f-r1","Ambulation","text","17 min","Module 14 lesson content imported from the CDPH 276C outline.","CDPH 276C coverage item for Module 14: Ambulation.","","",""
"cdphe-m14","Module 14: Rehabilitative Nursing","Covers promoting independence, devices and equipment, ADLs, family interaction, complications of inactivity, ambulation, and range of motion.",2,49,14,2,0,"Rehabilitation|Range of Motion|ADLs","cdphe-m14-g","Range of motion","CDPH 276C topic area for Module 14.","cdphe-m14-g-r1","Range of motion","text","17 min","Module 14 lesson content imported from the CDPH 276C outline.","CDPH 276C coverage item for Module 14: Range of motion.","","",""
"cdphe-m15","Module 15: Observation and Charting","Covers observation, reporting, care plans, documentation, legal charting issues, and terminology.",4,94,15,4,0,"Observation|Charting|Documentation","cdphe-m15-a","Observation of patients and reporting responsibility","CDPH 276C topic area for Module 15.","cdphe-m15-a-r1","Observation of patients and reporting responsibility","text","48 min","Module 15 lesson content imported from the CDPH 276C outline.","CDPH 276C coverage item for Module 15: Observation of patients and reporting responsibility.","","",""
"cdphe-m15","Module 15: Observation and Charting","Covers observation, reporting, care plans, documentation, legal charting issues, and terminology.",4,94,15,4,0,"Observation|Charting|Documentation","cdphe-m15-b","Patient care plan","CDPH 276C topic area for Module 15.","cdphe-m15-b-r1","Patient care plan","text","48 min","Module 15 lesson content imported from the CDPH 276C outline.","CDPH 276C coverage item for Module 15: Patient care plan.","","",""
"cdphe-m15","Module 15: Observation and Charting","Covers observation, reporting, care plans, documentation, legal charting issues, and terminology.",4,94,15,4,0,"Observation|Charting|Documentation","cdphe-m15-c","Patient care documentation","CDPH 276C topic area for Module 15.","cdphe-m15-c-r1","Patient care documentation","text","48 min","Module 15 lesson content imported from the CDPH 276C outline.","CDPH 276C coverage item for Module 15: Patient care documentation.","","",""
"cdphe-m15","Module 15: Observation and Charting","Covers observation, reporting, care plans, documentation, legal charting issues, and terminology.",4,94,15,4,0,"Observation|Charting|Documentation","cdphe-m15-d","Legal issues of charting","CDPH 276C topic area for Module 15.","cdphe-m15-d-r1","Legal issues of charting","text","48 min","Module 15 lesson content imported from the CDPH 276C outline.","CDPH 276C coverage item for Module 15: Legal issues of charting.","","",""
"cdphe-m15","Module 15: Observation and Charting","Covers observation, reporting, care plans, documentation, legal charting issues, and terminology.",4,94,15,4,0,"Observation|Charting|Documentation","cdphe-m15-e","Medical terminology and abbreviations","CDPH 276C topic area for Module 15.","cdphe-m15-e-r1","Medical terminology and abbreviations","text","48 min","Module 15 lesson content imported from the CDPH 276C outline.","CDPH 276C coverage item for Module 15: Medical terminology and abbreviations.","","",""
"cdphe-m16","Module 16: Death and Dying","Covers grief stages, patient and family needs, rights of the dying patient, signs of approaching death, monitoring, and postmortem care.",2,31,16,2,0,"End of Life Care|Postmortem Care","cdphe-m16-a","Stages of grief","CDPH 276C topic area for Module 16.","cdphe-m16-a-r1","Stages of grief","text","20 min","Module 16 lesson content imported from the CDPH 276C outline.","CDPH 276C coverage item for Module 16: Stages of grief.","","",""
"cdphe-m16","Module 16: Death and Dying","Covers grief stages, patient and family needs, rights of the dying patient, signs of approaching death, monitoring, and postmortem care.",2,31,16,2,0,"End of Life Care|Postmortem Care","cdphe-m16-b","Emotional and spiritual needs of the patient and family","CDPH 276C topic area for Module 16.","cdphe-m16-b-r1","Emotional and spiritual needs of the patient and family","text","20 min","Module 16 lesson content imported from the CDPH 276C outline.","CDPH 276C coverage item for Module 16: Emotional and spiritual needs of the patient and family.","","",""
"cdphe-m16","Module 16: Death and Dying","Covers grief stages, patient and family needs, rights of the dying patient, signs of approaching death, monitoring, and postmortem care.",2,31,16,2,0,"End of Life Care|Postmortem Care","cdphe-m16-c","Rights of the dying patient","CDPH 276C topic area for Module 16.","cdphe-m16-c-r1","Rights of the dying patient","text","20 min","Module 16 lesson content imported from the CDPH 276C outline.","CDPH 276C coverage item for Module 16: Rights of the dying patient.","","",""
"cdphe-m16","Module 16: Death and Dying","Covers grief stages, patient and family needs, rights of the dying patient, signs of approaching death, monitoring, and postmortem care.",2,31,16,2,0,"End of Life Care|Postmortem Care","cdphe-m16-d","Signs of approaching death","CDPH 276C topic area for Module 16.","cdphe-m16-d-r1","Signs of approaching death","text","20 min","Module 16 lesson content imported from the CDPH 276C outline.","CDPH 276C coverage item for Module 16: Signs of approaching death.","","",""
"cdphe-m16","Module 16: Death and Dying","Covers grief stages, patient and family needs, rights of the dying patient, signs of approaching death, monitoring, and postmortem care.",2,31,16,2,0,"End of Life Care|Postmortem Care","cdphe-m16-e","Monitoring of the patient","CDPH 276C topic area for Module 16.","cdphe-m16-e-r1","Monitoring of the patient","text","20 min","Module 16 lesson content imported from the CDPH 276C outline.","CDPH 276C coverage item for Module 16: Monitoring of the patient.","","",""
"cdphe-m16","Module 16: Death and Dying","Covers grief stages, patient and family needs, rights of the dying patient, signs of approaching death, monitoring, and postmortem care.",2,31,16,2,0,"End of Life Care|Postmortem Care","cdphe-m16-f","Post mortem care","CDPH 276C topic area for Module 16.","cdphe-m16-f-r1","Post mortem care","text","20 min","Module 16 lesson content imported from the CDPH 276C outline.","CDPH 276C coverage item for Module 16: Post mortem care.","","",""
"cdphe-m17","Module 17: Abuse","Covers preventing, recognizing, and reporting resident abuse in line with HSC 1337.1 and 1337.3.",6,58,17,6,0,"Abuse Prevention|Reporting","cdphe-m17-a","Preventing, recognizing and reporting instances of resident abuse","CDPH 276C topic area for Module 17.","cdphe-m17-a-r1","Preventing, recognizing and reporting instances of resident abuse","text","360 min","Module 17 lesson content imported from the CDPH 276C outline.","CDPH 276C coverage item for Module 17: Preventing, recognizing and reporting instances of resident abuse.","","",""
